estacion,linea,orden_en_linea,tipo_zona,es_transferencia,peso_demanda,capacidad_referencia_hora
Niquía,A,1,Residencial,0,1.25,2650
Bello,A,2,Residencial,0,0.95,2250
Madera,A,3,Residencial,0,0.6,1800
Acevedo,A,4,Residencial,1,1.1,2450
Tricentenario,A,5,Residencial,0,0.55,1750
Caribe,A,6,Mixta,0,0.85,2100
Universidad,A,7,Mixta,0,0.9,2200
Hospital,A,8,Centro_Empleo,0,1.0,2300
Prado,A,9,Centro_Empleo,0,0.85,2100
Parque Berrío,A,10,Centro_Empleo,0,1.3,2700
San Antonio,A,11,Centro_Empleo,1,1.6,3100
Alpujarra,A,12,Centro_Empleo,0,0.9,2200
Exposiciones,A,13,Centro_Empleo,0,0.85,2100
Industriales,A,14,Centro_Empleo,0,1.05,2400
Poblado,A,15,Centro_Empleo,0,1.25,2650
Aguacatala,A,16,Mixta,0,0.8,2050
Ayurá,A,17,Mixta,0,0.75,2000
Envigado,A,18,Residencial,0,0.95,2250
Itagüí,A,19,Residencial,0,1.1,2450
Sabaneta,A,20,Residencial,0,0.8,2050
La Estrella,A,21,Residencial,0,0.9,2200
San Antonio,B,1,Centro_Empleo,1,1.2,2600
Cisneros,B,2,Centro_Empleo,0,0.7,1950
Suramericana,B,3,Mixta,0,0.65,1850
Estadio,B,4,Mixta,0,0.8,2050
Floresta,B,5,Residencial,0,0.75,2000
Santa Lucía,B,6,Residencial,0,0.7,1950
San Javier,B,7,Residencial,1,1.15,2500
